{
    "initial_joint_position": {
        "joint1": -0.6929662335474145,
        "joint2": 1.3294095361189866,
        "joint3": -1.463294100968322,
        "joint4": -2.4904100859651774,
        "joint5": -2.915493472835374,
        "joint6": -1.754403174460447,
        "joint7": -2.9689029021808038
    },
    "initial_joint_position_handle": {
        "joint1": -0.11137925574151186,
        "joint2": 0.47714369209690627,
        "joint3": -2.740527251326585,
        "joint4": -2.5620528477138347,
        "joint5": -2.9587940753150814,
        "joint6": -1.5232828697867928,
        "joint7": -1.7430256176514112
    },
    "initial_joint_position_handle_2": {
        "joint1": -0.5961406205309672,
        "joint2": 1.0461376796617734,
        "joint3": -1.5684005470782614,
        "joint4": -2.564005211108972,
        "joint5": -2.6939514933382984,
        "joint6": -1.909715000808343,
        "joint7": -2.6582723252661795
    },
    "initial_joint_position_handle_3": {
        "joint1": -1.0102797469014826,
        "joint2": 0.8313158542803766,
        "joint3": -2.0282589588304942,
        "joint4": -2.250081635506464,
        "joint5": -0.640769874078515,
        "joint6": 0.7996882197536226,
        "joint7": 1.225106033077706
    },
    "initial_joint_position_handle_4": {
        "joint1": -0.660817085500196,
        "joint2": 1.337781049847596,
        "joint3": -1.5985235621681477,
        "joint4": -2.361786862165402,
        "joint5": -2.977475617729769,
        "joint6": -1.6959611696030947,
        "joint7": -2.9500309437481755
    },
    "safe_home": {
        "joint1": 0.0,
        "joint2": -0.349055197754506,
        "joint3": 3.1415678861916554,
        "joint4": -2.5482558090544614,
        "joint5": 0.0,
        "joint6": -0.8726907249758478,
        "joint7": 1.570807778387584
    }, 
    "top_start": {
        "joint1": -0.6786741132413949,
        "joint2": 0.9855022287516041,
        "joint3": -1.096590134669861,
        "joint4": -1.516995146453116,
        "joint5": -0.9574474245642737,
        "joint6": -2.0150488808753746,
        "joint7": -0.43957178214855563
    },
    "start_pose": {
        "position": {
            "x": 0.504070177997,
            "y": -0.0017425316894,
            "z": 0.438583887728
        },
        "orientation": {
            "x": 0,
            "y": 90,
            "z": 0
        }
    },
    "grasp_pose_1": {
        "position": {
            "x": 0.635,
            "y": -0.062,
            "z": 0.35
        },
        "orientation": {
            "x": 0,
            "y": 0,
            "z": 0
        }
    },
    "grasp_pose_2": {
        "position": {
            "x": 0.594,
            "y": -0.062,
            "z": 0.35
        },
        "orientation": {
            "x": 0,
            "y": 0,
            "z": 0
        }
    },
    "grasp_pose_3": {
        "position": {
            "x": 0.618,
            "y": -0.062,
            "z": 0.35
        },
        "orientation": {
            "x": 0,
            "y": 90,
            "z": 180
        }
    },
    "grasp_pose_4": {
        "position": {
            "x": 0.6,
            "y": -0.062,
            "z": 0.345
        },
        "orientation": {
            "x": -90,
            "y": 0,
            "z": 0
        }
    },
    "grasp_pose_5": {
        "position": {
            "x": 0.6,
            "y": -0.062,
            "z": 0.355
        },
        "orientation": {
            "x": 0,
            "y": 45,
            "z": 0
        }
    },
    "grasp_pose_1_handle": {
        "position": {
            "x": 0.545,
            "y": -0.063,
            "z": 0.35
        },
        "orientation": {
            "x": 0,
            "y": 0,
            "z": 0
        }
    },
    "grasp_pose_2_handle": {
        "position": {
            "x": 0.582,
            "y": -0.063,
            "z": 0.35
        },
        "orientation": {
            "x": 0,
            "y": 0,
            "z": 0
        }
    },
    "grasp_pose_3_handle": {
        "position": {
            "x": 0.55,
            "y": -0.058,
            "z": 0.35
        },
        "orientation": {
            "x": 0,
            "y": 25,
            "z": 0
        }
    },
    "grasp_pose_4_handle": {
        "position": {
            "x": 0.578,
            "y": -0.069,
            "z": 0.35
        },
        "orientation": {
            "x": 0,
            "y": 0,
            "z": -25
        }
    },
    "grasp_pose_5_handle": {
        "position": {
            "x": 0.585,
            "y": -0.061,
            "z": 0.315
        },
        "orientation": {
            "x": 0,
            "y": 0,
            "z": 0
        }
    }
}