{
    "initial_joint_position": {
        "joint1": -1.2203601468571303,
        "joint2": 2.823102555666127,
        "joint3": 4.765594145274511,
        "joint4": 0.8401988280963357,
        "joint5": 6.800922997850839,
        "joint6": 2.232055497036045,
        "joint7": 4.062531335402388
    },
    "start_pose": {
        "position": {
            "x": 0.5,
            "y": -0.0254,
            "z": 0.4699
        },
        "orientation": {
            "x": 0,
            "y": 90,
            "z": 0
        }
    },

    "start_pull": {
        "position": {
            "x": 0.37,
            "y": 0.30,
            "z": 0.31
        },
        "orientation": {
            "phi": 90,
            "theta": 0,
            "psi": 50
        }
    }
}