{
    "initial_joint_position": {
        "joint1": 2.1675244,
        "joint2": 4.39840425,
        "joint3": 5.13929652,
        "joint4": 5.60809195,
        "joint5": 3.70707933,
        "joint6": 1.62123634,
        "joint7": 3.1339132
    },
    "start_pose": {
        "position": {
            "x": 0.460070177997,
            "y": -0.0017425316894,
            "z": 0.428583887728
        },
        "orientation": {
            "x": 0,
            "y": 90,
            "z": 0
        }
    },
    "grasp_pose": {
        "position": {
            "x": 0.63,
            "y": -0.0017425316894,
            "z": 0.428583887728
        },
        "orientation": {
            "x": 0,
            "y": 90,
            "z": 0
        }
    },
    "finger_grasp_pose": {
        "position": {
            "x": 0.595,
            "y": -0.0017425316894,
            "z": 0.428583887728
        },
        "orientation": {
            "x": 0,
            "y": 90,
            "z": 0
        }
    },
    "grasp_pose_y_rot": {
        "position": {
            "x": 0.63,
            "y": -0.0017425316894,
            "z": 0.428583887728
        },
        "orientation": {
            "x": 0,
            "y": 120,
            "z": 0
        }
    },
    "finger_grasp_pose_y_rot": {
        "position": {
            "x": 0.595,
            "y": -0.0017425316894,
            "z": 0.428583887728
        },
        "orientation": {
            "x": 0,
            "y": 120,
            "z": 0
        }
    },
    "palm_grasp_pose_knob": {
        "position": {
            "x": 0.662,
            "y": -0.0017425316894,
            "z": 0.428583887728
        },
        "orientation": {
            "x": 0,
            "y": 90,
            "z": 0
        }
    },
    "palm_grasp_pose_z_rot_knob": {
        "position": {
            "x": 0.65,
            "y": -0.0117425316894,
            "z": 0.428583887728
        },
        "orientation": {
            "x": 0,
            "y": 90,
            "z": 30
        }
    },
    "finger_grasp_pose_knob": {
        "position": {
            "x": 0.63,
            "y": -0.0017425316894,
            "z": 0.428583887728
        },
        "orientation": {
            "x": 0,
            "y": 90,
            "z": 0
        }
    },
    "finger_grasp_pose_z_rot_knob": {
        "position": {
            "x": 0.64,
            "y": -0.0217425316894,
            "z": 0.428583887728
        },
        "orientation": {
            "x": 0,
            "y": 90,
            "z": 30
        }
    }
}