{
    "initial_joint_position": {
        "joint1": 8.539976244420286,
        "joint2": 3.744075592256784,
        "joint3": 2.8460321063356004,
        "joint4": 5.4660119035519665,
        "joint5": 4.504153751590303,
        "joint6": 4.925874364952057,
        "joint7": 0.24287098699616808
    },
    "start_pull": {
        "position": {
            "x": 0.37,
            "y": 0.30,
            "z": 0.31
        },
        "orientation": {
            "phi": 90,
            "theta": 0,
            "psi": 50
        }
    }
}