{
    "initial_joint_position": {
        "joint1": 5.1680020470432275,
        "joint2": 2.743981637576527,
        "joint3": 4.580084735326207,
        "joint4": 0.7824359293169532,
        "joint5": 3.508002606903909,
        "joint6": 4.132161279999163,
        "joint7": 7.258821589356883
    },
    "start_pose": {
        "position": {
            "x": 0.504070177997,
            "y": -0.0017425316894,
            "z": 0.438583887728
        },
        "orientation": {
            "x": 0,
            "y": 90,
            "z": 0
        }
    },
    "grasp_pose": {
        "position": {
            "x": 0.65,
            "y": -0.0017425316894,
            "z": 0.438583887728
        },
        "orientation": {
            "x": 0,
            "y": 90,
            "z": 0
        }
    }
}